-- 3. INSERT

INSERT INTO Position
VALUES('SP001', 'CEO')
INSERT INTO Position
VALUES('SP002', 'Treasurer')
INSERT INTO Position
VALUES('SP003', 'Marketing')
INSERT INTO Position
VALUES('SP004', 'Head Chef')
INSERT INTO Position
VALUES('SP005', 'Supervisor')
INSERT INTO Position
VALUES('SP006', 'Secretary')
INSERT INTO Position
VALUES('SP007', 'Promotion')
INSERT INTO Position
VALUES('SP008', 'Inventory Manager')
INSERT INTO Position
VALUES('SP009', 'Chef')
INSERT INTO Position
VALUES('SP010', 'Cashier')

INSERT INTO Staff
VALUES('ST001', 'SP001', 'Tukul', 'Male', 'tukul@gmail.com', '08123456789', 'Jalan Asem, Cipete', '5000000')
INSERT INTO Staff
VALUES('ST002', 'SP002', 'Wanda Maximoff', 'Female', 'wandavision@yahoo.com', '087823451234', 'Jalan Sesama', '4500000')
INSERT INTO Staff
VALUES('ST003', 'SP003', 'Ethan Hunt', 'Male', 'imf@yahoo.co.id', '081326497324', 'New York City', '4000000')
INSERT INTO Staff
VALUES('ST004', 'SP003', 'Jack Sparrow', 'Male', 'bestpirates@gmail.com', '081534985436', 'Carribean Sea', '4000000')
INSERT INTO Staff
VALUES('ST005', 'SP004', 'Thor Odinson', 'Male', 'strongestavengers@gmail.com', '085846739002', 'Asgard', '3500000')
INSERT INTO Staff
VALUES('ST006', 'SP004', 'Kwon Yuri', 'Female', 'yurikwon@yahoo.com', '081233458607', 'Gangnam street', '3500000')
INSERT INTO Staff
VALUES('ST007', 'SP005', 'John Cena', 'Male', 'ucantseeme@yahoo.com', '089834775904', 'West Newbury, Massachusetts', '3000000')
INSERT INTO Staff
VALUES('ST008', 'SP006', 'Luhut B.P', 'Male', 'mentriterbaik@yahoo.co.id', '089833769890', 'Jalan Jend.Sudriman', '3000000')
INSERT INTO Staff
VALUES('ST009', 'SP007', 'Margott Robbie', 'Female', 'harleenquinzeel@gmail.com', '081256900321', 'Hollywood Avenue', '2500000')
INSERT INTO Staff
VALUES('ST010', 'SP007', 'Sana Minatozaki', 'Female', 'twicesana@yahoo.com', '085734654798', 'Kyoto', '2500000')
INSERT INTO Staff
VALUES('ST011', 'SP007', 'Ahsoka', 'Female', 'femalejedi@yahoo.com', '081345876523', 'Calona', '2500000')
INSERT INTO Staff
VALUES('ST012', 'SP008', 'Din Djarin', 'Male', 'bapaknyagrogu@gmail.com', '089737050289', 'Aldeeran', '2000000')
INSERT INTO Staff
VALUES('ST013', 'SP008', 'Diana Prince', 'Female', 'notwonderwoman@yahoo.co.id', '085743645768', 'Amazon', '2000000')
INSERT INTO Staff
VALUES('ST014', 'SP009', 'Grogu', 'Male', 'anaknyamandalorian@yahoo.com', '081248390590', 'Aldeeran', '2000000')
INSERT INTO Staff
VALUES('ST015', 'SP009', 'Batman', 'Male', 'brucewayne@gmail.com', '081327548905', 'Gotham City', '2000000')
INSERT INTO Staff
VALUES('ST016', 'SP009', 'Cristiano Ronaldo', 'Male', 'siuuuuuuu@yahoo.co.id', '087882422402', 'Turin', '2000000')
INSERT INTO Staff
VALUES('ST017', 'SP009', 'John Lark', 'Male', 'apostle@yahoo.com', '089864748494', 'London', '2000000')
INSERT INTO Staff
VALUES('ST018', 'SP010', 'Becky Lynch', 'Female', 'theman@yahoo.co.id', '081975264009', 'Limerick', '1500000')
INSERT INTO Staff
VALUES('ST019', 'SP010', 'Kim Jisoo', 'Female', 'kimjisoo@gmail.com', '087523134642', 'Seoul', '1500000')

INSERT INTO Vendor
VALUES('VE001', 'PT. Djarum', '087654527162', 'Bundaran HI')
INSERT INTO Vendor
VALUES('VE002', 'PT. Sampoerna', '087654527163', 'Jend.Sudirman')
INSERT INTO Vendor
VALUES('VE003', 'PT. Bersama', '087654527164', 'Cipete')
INSERT INTO Vendor
VALUES('VE004', 'PT. Pete', '087654527165', 'Blok m')
INSERT INTO Vendor
VALUES('VE005', 'PT. Parker', '087654527166', 'Kota Tua')
INSERT INTO Vendor
VALUES('VE006', 'PT. Ni', '087654527167', 'Subang')
INSERT INTO Vendor
VALUES('VE007', 'PT. Rus', '087654527168', 'Hambalang')
INSERT INTO Vendor
VALUES('VE008', 'PT. Rcik', '087654527169', 'Bikini Bottom')
INSERT INTO Vendor
VALUES('VE009', 'PT. Licin', '087654527170', 'Kemayoran')
INSERT INTO Vendor
VALUES('VE010', 'PT. Suka', '087654527171', 'Haji Nawi')
INSERT INTO Vendor
VALUES('VE011', 'PT. Mandala', '087654527180', 'Bekasi')
INSERT INTO Vendor
VALUES('VE012', 'PT. Lusa', '087654527181', 'Bandung')
INSERT INTO Vendor
VALUES('VE013', 'PT. Join', '087654527182', 'Palmerah')
INSERT INTO Vendor
VALUES('VE014', 'PT. Sate', '087654527183', 'Kemanggisan')
INSERT INTO Vendor
VALUES('VE015', 'PT. Titan', '087654527184', 'Medan')

INSERT INTO Ingredient
VALUES('ID001', 'Bawang Merah', '1000', '500000')
INSERT INTO Ingredient
VALUES('ID002', 'Ayam', '1500', '2500000')
INSERT INTO Ingredient
VALUES('ID003', 'Bawang Putih', '1200', '600000')
INSERT INTO Ingredient
VALUES('ID004', 'Bawang Bombay', '1200', '550000')
INSERT INTO Ingredient
VALUES('ID005', 'Daun Bawang', '500', '250000')
INSERT INTO Ingredient
VALUES('ID006', 'Jahe', '700', '100000')
INSERT INTO Ingredient
VALUES('ID007', 'Garam', '100', '150000')
INSERT INTO Ingredient
VALUES('ID008', 'Gula', '100', '180000')
INSERT INTO Ingredient
VALUES('ID009', 'Kecap Asin', '120', '140000')
INSERT INTO Ingredient
VALUES('ID010', 'Minyak Goreng', '700', '350000')
INSERT INTO Ingredient
VALUES('ID011', 'Cabai Keriting', '1000', '500000')
INSERT INTO Ingredient
VALUES('ID012', 'Cabai Rawit', '1000', '500000')
INSERT INTO Ingredient
VALUES('ID013', 'Kembang Kol', '100', '100000')
INSERT INTO Ingredient
VALUES('ID014', 'Micin', '200', '100000')
INSERT INTO Ingredient
VALUES('ID015', 'Daun Jeruk', '100', '100000')
INSERT INTO Ingredient
VALUES('ID016', 'Telur', '500', '700000')
INSERT INTO Ingredient
VALUES('ID017', 'Susu', '200', '450000')
INSERT INTO Ingredient
VALUES('ID018', 'Beras', '2000', '800000')
INSERT INTO Ingredient
VALUES('ID019', 'Lengkuas', '150', '100000')
INSERT INTO Ingredient
VALUES('ID020', 'Ikan', '100', '700000')
INSERT INTO Ingredient
VALUES('ID021', 'Daging', '100', '850000')
INSERT INTO Ingredient
VALUES('ID022', 'Kerang', '80', '300000')
INSERT INTO Ingredient
VALUES('ID023', 'Udang', '90', '400000')
INSERT INTO Ingredient
VALUES('ID024', 'Mentega', '500', '200000')
INSERT INTO Ingredient
VALUES('ID025', 'Kepiting', '100', '100000')

INSERT INTO Purchase
VALUES('PU001', 'ST012', 'VE001', '2020-06-27')
INSERT INTO Purchase
VALUES('PU002', 'ST012', 'VE004', '2020-04-20')
INSERT INTO Purchase
VALUES('PU003', 'ST013', 'VE007', '2020-05-11')
INSERT INTO Purchase
VALUES('PU004', 'ST012', 'VE010', '2020-06-10')
INSERT INTO Purchase
VALUES('PU005', 'ST013', 'VE005', '2020-03-01')
INSERT INTO Purchase
VALUES('PU006', 'ST013', 'VE002', '2020-03-15')
INSERT INTO Purchase
VALUES('PU007', 'ST013', 'VE013', '2020-02-09')
INSERT INTO Purchase
VALUES('PU008', 'ST012', 'VE003', '2020-09-03')
INSERT INTO Purchase
VALUES('PU009', 'ST013', 'VE008', '2020-08-07')
INSERT INTO Purchase
VALUES('PU010', 'ST012', 'VE002', '2020-03-15')
INSERT INTO Purchase
VALUES('PU011', 'ST012', 'VE010', '2020-02-17')
INSERT INTO Purchase
VALUES('PU012', 'ST012', 'VE015', '2020-01-13')
INSERT INTO Purchase
VALUES('PU013', 'ST013', 'VE003', '2020-09-03')
INSERT INTO Purchase
VALUES('PU014', 'ST012', 'VE004', '2020-12-28')
INSERT INTO Purchase
VALUES('PU015', 'ST013', 'VE005', '2020-11-29')
INSERT INTO Purchase
VALUES('PU016', 'ST012', 'VE007', '2020-08-30')
INSERT INTO Purchase
VALUES('PU017', 'ST012', 'VE014', '2020-10-03')
INSERT INTO Purchase
VALUES('PU018', 'ST013', 'VE001', '2020-07-04')
INSERT INTO Purchase
VALUES('PU019', 'ST012', 'VE001', '2020-06-05')
INSERT INTO Purchase
VALUES('PU020', 'ST013', 'VE003', '2020-03-16')
INSERT INTO Purchase
VALUES('PU021', 'ST013', 'VE003', '2020-04-14')
INSERT INTO Purchase
VALUES('PU022', 'ST013', 'VE012', '2020-10-18')
INSERT INTO Purchase
VALUES('PU023', 'ST013', 'VE004', '2020-11-20')
INSERT INTO Purchase
VALUES('PU024', 'ST012', 'VE001', '2020-05-23')
INSERT INTO Purchase
VALUES('PU025', 'ST012', 'VE015', '2020-01-15')

INSERT INTO PurchaseDetail
VALUES('PU001', 'ID001', 'Bawang Merah', '100')
INSERT INTO PurchaseDetail
VALUES('PU002', 'ID002', 'Ayam', '150')
INSERT INTO PurchaseDetail
VALUES('PU003', 'ID003', 'Bawang Putih', '200')
INSERT INTO PurchaseDetail
VALUES('PU004', 'ID004', 'Bawang Bombay', '100')
INSERT INTO PurchaseDetail
VALUES('PU005', 'ID005', 'Daun Bawang', '50')
INSERT INTO PurchaseDetail
VALUES('PU006', 'ID006', 'Jahe', '70')
INSERT INTO PurchaseDetail
VALUES('PU007', 'ID007', 'Garam', '10')
INSERT INTO PurchaseDetail
VALUES('PU008', 'ID008', 'Gula', '10')
INSERT INTO PurchaseDetail
VALUES('PU009', 'ID009', 'Kecap Asin', '20')
INSERT INTO PurchaseDetail
VALUES('PU010', 'ID010', 'Minyak Goreng', '100')
INSERT INTO PurchaseDetail
VALUES('PU011', 'ID011', 'Cabai Keriting', '500')
INSERT INTO PurchaseDetail
VALUES('PU012', 'ID012', 'Cabai Rawit', '500')
INSERT INTO PurchaseDetail
VALUES('PU013', 'ID013', 'Kembang Kol', '50')
INSERT INTO PurchaseDetail
VALUES('PU014', 'ID014', 'Micin', '10')
INSERT INTO PurchaseDetail
VALUES('PU015', 'ID015', 'Daun Jeruk', '10')
INSERT INTO PurchaseDetail
VALUES('PU016', 'ID016', 'Telur', '100')
INSERT INTO PurchaseDetail
VALUES('PU017', 'ID017', 'Susu', '50')
INSERT INTO PurchaseDetail
VALUES('PU018', 'ID018', 'Beras', '750')
INSERT INTO PurchaseDetail
VALUES('PU019', 'ID019', 'Lengkuas', '10')
INSERT INTO PurchaseDetail
VALUES('PU020', 'ID020', 'Ikan', '20')
INSERT INTO PurchaseDetail
VALUES('PU021', 'ID021', 'Daging', '50')
INSERT INTO PurchaseDetail
VALUES('PU022', 'ID022', 'Kerang', '10')
INSERT INTO PurchaseDetail
VALUES('PU023', 'ID023', 'Udang', '10')
INSERT INTO PurchaseDetail
VALUES('PU024', 'ID024', 'Mentega', '10')
INSERT INTO PurchaseDetail
VALUES('PU025', 'ID025', 'Kepiting', '10')

INSERT INTO Customer
VALUES('CU001', 'Tony Stark', '087523134611', 'Malibu', 'Male', 'uknowwhoiam@gmail.com')
INSERT INTO Customer
VALUES('CU002', 'Sule', '087523134612', 'Cicaheum', 'Male', 'prikitiew@yahoo.com')
INSERT INTO Customer
VALUES('CU003', 'Mikasa', '087523134613', 'Tokyo', 'Female', 'futitan@yahoo.com')
INSERT INTO Customer
VALUES('CU004', 'Eren', '087523134614', 'Osaka', 'Male', 'iamtitan@gmail.com')
INSERT INTO Customer
VALUES('CU005', 'Rachel', '087523134615', 'Jakarta', 'Female', 'rachel@yahoo.co.id')
INSERT INTO Customer
VALUES('CU006', 'Kamala Khan', '087523134616', 'New York City', 'Female', 'msmarvel@yahoo.co.id')
INSERT INTO Customer
VALUES('CU007', 'Taylor Swift', '087523134617', 'Texas', 'Female', '22@gmail.com')
INSERT INTO Customer
VALUES('CU008', 'Samuel L. Jackson', '087523134618', 'Washington DC', 'Male', 'motherfu@gmail.com')
INSERT INTO Customer
VALUES('CU009', 'Cliff Booth', '087523134619', 'Hollywood', 'Male', 'futedbundy@yahoo.co.id')
INSERT INTO Customer
VALUES('CU010', 'Django', '087523134630', 'Texas', 'Male', 'bestgunslinger@gmail.com')
INSERT INTO Customer
VALUES('CU011', 'Miranda Tate', '087523134631', 'Gotham City', 'Female', 'wayneenterprise@gmail.com')
INSERT INTO Customer
VALUES('CU012', 'Jessica Iskandar', '087523134632', 'Bali', 'Female', 'jedar@yahoo.co.id')
INSERT INTO Customer
VALUES('CU013', 'Megawati', '087523134633', 'Madiun', 'Female', 'presidenke5@yahoo.com')
INSERT INTO Customer
VALUES('CU014', 'Solar', '087523134634', 'Seoul', 'Female', 'mamamoosolar@gmail.com')
INSERT INTO Customer
VALUES('CU015', 'Wheein', '087523134635', 'Seoul', 'Female', 'mamamoowheein@gmail.com')
INSERT INTO Customer
VALUES('CU016', 'Tzuyu', '087523134636', 'Macau', 'Female', 'twicetzuyu@yahoo.com')
INSERT INTO Customer
VALUES('CU017', 'Khabib', '087523134637', 'Petersburg', 'Male', 'unbeaten@gmail.com')
INSERT INTO Customer
VALUES('CU018', 'Saitama', '087523134638', 'City Z', 'Male', 'strongesthero@yahoo.com')
INSERT INTO Customer
VALUES('CU019', 'Adun', '087523134639', 'Bekasi', 'Male', 'bdjng@gmail.com')
INSERT INTO Customer
VALUES('CU020', 'Ariel Tatum', '087523134640', 'Jakarta', 'Female', 'ibunda@yahoo.co.id')
INSERT INTO Customer
VALUES('CU021', 'Nadin', '087523134641', 'Jakarta', 'Female', 'bertaut@gmail.com')
INSERT INTO Customer
VALUES('CU022', 'Steve Rogers', '087523134642', 'New York', 'Male', 'firstavengers@yahoo.com')
INSERT INTO Customer
VALUES('CU023', 'Clint Barton', '087523134643', 'New York', 'Male', 'nevermissed@gmail.com')
INSERT INTO Customer
VALUES('CU024', 'John Wick', '087523134644', 'Florida', 'Male', 'pencil@gmail.com')
INSERT INTO Customer
VALUES('CU025', 'Celine Dion', '087523134645', 'Alaska', 'Female', 'myheartwillgoon@gmail.com')

INSERT INTO Menu
VALUES('ME001', 'Komplit Ayam Goreng', 'Ayam Goreng, Sayur, Nasi, Sambal, Tempe', '40000')
INSERT INTO Menu
VALUES('ME002', 'Kurang Komplit', 'Ayam Goreng, Nasi, Sambal', '40000')
INSERT INTO Menu
VALUES('ME003', 'Lumayan Komplit', 'Ayam Goreng, Nasi, Sambal, Tempe', '35000')
INSERT INTO Menu
VALUES('ME004', 'Komplit Ikan Goreng', 'Ikan Goreng, Sayur, Nasi, Sambal, Tempe', '40000')
INSERT INTO Menu
VALUES('ME005', 'Komplit Seafood', 'Udang Bakar, Kerang Saus Padang, Nasi, Sambal, Tempe', '55000')
INSERT INTO Menu
VALUES('ME006', 'Komplit Rendang', 'Rendang, Sayur, Nasi, Sambal, Tempe', '55000')
INSERT INTO Menu
VALUES('ME007', 'Komplit Gepuk', 'Gepuk, Sayur, Nasi, Sambal, Tempe', '55000')
INSERT INTO Menu
VALUES('ME008', 'Komplit Gule', 'Gule, Sayur, Nasi, Sambal, Tempe', '40000')
INSERT INTO Menu
VALUES('ME009', 'Komplit Cincang', 'Cincang, Sayur, Nasi, Sambal, Tempe', '50000')
INSERT INTO Menu
VALUES('ME010', 'Campur Campur', 'Ayam Goreng, Rendang, Nasi, Sambal, Ikan', '60000')
INSERT INTO Menu
VALUES('ME011', 'Paket Sayuran', 'Sayur, Nasi, Sambal, Tempe', '25000')
INSERT INTO Menu
VALUES('ME012', 'Komplit Sate', 'Sate, Sayur, Nasi, Sambal, Tempe', '30000')
INSERT INTO Menu
VALUES('ME013', 'Komplit Ikan Bakar', 'Ikan Bakar, Sayur, Nasi, Sambal, Tempe', '35000')
INSERT INTO Menu
VALUES('ME014', 'komplit Ayam Bakar', 'Ayam Bakar, Sayur, Nasi, Sambal, Tempe', '40000')
INSERT INTO Menu
VALUES('ME015', 'Komplit Udang', 'Udang, Sayur, Nasi, Sambal, Tempe', '40000')

INSERT INTO [Transaction]
VALUES('TR001', 'ST018', 'CU001', '2020-12-10', 'Party', 'Malibu')
INSERT INTO [Transaction]
VALUES('TR002', 'ST018', 'CU001', '2020-12-10', 'Party', 'Malibu')
INSERT INTO [Transaction]
VALUES('TR003', 'ST019', 'CU012', '2020-06-11', 'Party', 'Bali')
INSERT INTO [Transaction]
VALUES('TR004', 'ST019', 'CU012', '2020-06-11', 'Party', 'Bali')
INSERT INTO [Transaction]
VALUES('TR005', 'ST019', 'CU003', '2021-01-12', 'Individual', 'Tokyo')
INSERT INTO [Transaction]
VALUES('TR006', 'ST018', 'CU005', '2020-11-11', 'Individual', 'Jakarta')
INSERT INTO [Transaction]
VALUES('TR007', 'ST019', 'CU020', '2020-12-12', 'Party', 'Jakarta')
INSERT INTO [Transaction]
VALUES('TR008', 'ST019', 'CU020', '2020-12-12', 'Party', 'Jakarta')
INSERT INTO [Transaction]
VALUES('TR009', 'ST018', 'CU021', '2020-07-21', 'Individual', 'Jakarta')
INSERT INTO [Transaction]
VALUES('TR010', 'ST018', 'CU017', '2020-06-24', 'Individual', 'Petersburg')
INSERT INTO [Transaction]
VALUES('TR011', 'ST019', 'CU003', '2020-10-10', 'Individual', 'Tokyo')
INSERT INTO [Transaction]
VALUES('TR012', 'ST019', 'CU009', '2020-11-08', 'Individual', 'Hollywood')
INSERT INTO [Transaction]
VALUES('TR013', 'ST018', 'CU010', '2020-10-15', 'Individual', 'Texas')
INSERT INTO [Transaction]
VALUES('TR014', 'ST018', 'CU007', '2020-09-04', 'Individual', 'Texas')
INSERT INTO [Transaction]
VALUES('TR015', 'ST019', 'CU006', '2020-04-12', 'Party', 'New York City')
INSERT INTO [Transaction]
VALUES('TR016', 'ST019', 'CU006', '2020-04-12', 'Party', 'New York City')
INSERT INTO [Transaction]
VALUES('TR017', 'ST018', 'CU017', '2020-03-08', 'Individual', 'Petersburg')
INSERT INTO [Transaction]
VALUES('TR018', 'ST019', 'CU024', '2020-02-18', 'Individual', 'Florida')
INSERT INTO [Transaction]
VALUES('TR019', 'ST018', 'CU025', '2020-01-20', 'Individual', 'Alaska')
INSERT INTO [Transaction]
VALUES('TR020', 'ST019', 'CU008', '2020-05-25', 'Party', 'Washington DC')
INSERT INTO [Transaction]
VALUES('TR021', 'ST019', 'CU008', '2020-05-25', 'Party', 'Washington DC')
INSERT INTO [Transaction]
VALUES('TR022', 'ST018', 'CU002', '2020-09-10', 'Party', 'Cicaheum')
INSERT INTO [Transaction]
VALUES('TR023', 'ST018', 'CU002', '2020-09-10', 'Party', 'Cicaheum')
INSERT INTO [Transaction]
VALUES('TR024', 'ST018', 'CU002', '2020-09-10', 'Party', 'Cicaheum')
INSERT INTO [Transaction]
VALUES('TR025', 'ST019', 'CU021', '2020-11-15', 'Individual', 'Jakarta')

INSERT INTO ServiceTransaction
VALUES('TR001', 'ME001', '50')
INSERT INTO ServiceTransaction
VALUES('TR002', 'ME004', '50')
INSERT INTO ServiceTransaction
VALUES('TR003', 'ME002', '25')
INSERT INTO ServiceTransaction
VALUES('TR004', 'ME015', '10')
INSERT INTO ServiceTransaction
VALUES('TR005', 'ME014', '30')
INSERT INTO ServiceTransaction
VALUES('TR006', 'ME010', '40')
INSERT INTO ServiceTransaction
VALUES('TR007', 'ME009', '20')
INSERT INTO ServiceTransaction
VALUES('TR008', 'ME008', '40')
INSERT INTO ServiceTransaction
VALUES('TR009', 'ME003', '30')
INSERT INTO ServiceTransaction
VALUES('TR010', 'ME007', '20')
INSERT INTO ServiceTransaction
VALUES('TR011', 'ME002', '10')
INSERT INTO ServiceTransaction
VALUES('TR012', 'ME003', '20')
INSERT INTO ServiceTransaction
VALUES('TR013', 'ME011', '30')
INSERT INTO ServiceTransaction
VALUES('TR014', 'ME013', '50')
INSERT INTO ServiceTransaction
VALUES('TR015', 'ME002', '60')
INSERT INTO ServiceTransaction
VALUES('TR016', 'ME006', '40')
INSERT INTO ServiceTransaction
VALUES('TR017', 'ME007', '20')
INSERT INTO ServiceTransaction
VALUES('TR018', 'ME008', '30')
INSERT INTO ServiceTransaction
VALUES('TR019', 'ME013', '40')
INSERT INTO ServiceTransaction
VALUES('TR020', 'ME012', '50')
INSERT INTO ServiceTransaction
VALUES('TR021', 'ME005', '50')
INSERT INTO ServiceTransaction
VALUES('TR022', 'ME007', '40')
INSERT INTO ServiceTransaction
VALUES('TR023', 'ME009', '30')
INSERT INTO ServiceTransaction
VALUES('TR024', 'ME004', '20')
INSERT INTO ServiceTransaction
VALUES('TR025', 'ME011', '10')
